﻿<?xml version="1.0" encoding="utf-8" ?>
<TrustFrameworkPolicy 
  xmlns:xsi="http://www.w3.org/2001/XMLSchema-instance" 
  xmlns:xsd="http://www.w3.org/2001/XMLSchema" 
  xmlns="http://schemas.microsoft.com/online/cpim/schemas/2013/06" 
  PolicySchemaVersion="0.3.0.0" 
  TenantId="yourtenant.onmicrosoft.com" 
  PolicyId="B2C_1A_TrustFrameworkExtensions" 
  PublicPolicyUri="http://yourtenant.onmicrosoft.com/B2C_1A_TrustFrameworkExtensions">
  
  <BasePolicy>
    <TenantId>yourtenant.onmicrosoft.com</TenantId>
    <PolicyId>B2C_1A_TrustFrameworkBase</PolicyId>
  </BasePolicy>
  <BuildingBlocks>
    <ClaimsSchema>
      <ClaimType Id="Otp">
        <DisplayName>One-time password</DisplayName>
        <DataType>string</DataType>
      </ClaimType>
      <ClaimType Id="VerificationCode">
        <DisplayName>Verification Code</DisplayName>
        <DataType>string</DataType>
        <UserHelpText>Enter your email verification code</UserHelpText>
        <UserInputType>TextBox</UserInputType>
      </ClaimType>     
    </ClaimsSchema>
    <ContentDefinitions>
      <ContentDefinition Id="api.localaccountsignup">
         <DataUri>urn:com:microsoft:aad:b2c:elements:contract:selfasserted:2.1.0</DataUri>
       </ContentDefinition>
       <ContentDefinition Id="api.localaccountpasswordreset">
         <DataUri>urn:com:microsoft:aad:b2c:elements:contract:selfasserted:2.1.0</DataUri>
       </ContentDefinition>
       <ContentDefinition Id="api.selfasserted">
        <DataUri>urn:com:microsoft:aad:b2c:elements:contract:selfasserted:2.1.0</DataUri>
      </ContentDefinition>       
     </ContentDefinitions>
     <DisplayControls>
        <DisplayControl Id="emailVerificationControl" UserInterfaceControlType="VerificationControl">
          <DisplayClaims>
            <DisplayClaim ClaimTypeReferenceId="email" Required="true" />
            <DisplayClaim ClaimTypeReferenceId="verificationCode" ControlClaimType="VerificationCode" Required="true" />
          </DisplayClaims>
          <OutputClaims>
            <OutputClaim ClaimTypeReferenceId="email" />
          </OutputClaims>
          <Actions>
            <Action Id="SendCode">
              <ValidationClaimsExchange>
                <ValidationClaimsExchangeTechnicalProfile TechnicalProfileReferenceId="GenerateOtp" />
                <ValidationClaimsExchangeTechnicalProfile TechnicalProfileReferenceId="SendOtp" />
              </ValidationClaimsExchange>
            </Action>
            <Action Id="VerifyCode">
              <ValidationClaimsExchange>
                <ValidationClaimsExchangeTechnicalProfile TechnicalProfileReferenceId="VerifyOtp" />
              </ValidationClaimsExchange>
            </Action>
          </Actions>
        </DisplayControl>
     </DisplayControls>
  </BuildingBlocks>
  <ClaimsProviders>
    <ClaimsProvider>
      <DisplayName>Local Account SignIn</DisplayName>
      <TechnicalProfiles>
         <TechnicalProfile Id="login-NonInteractive">
          <Metadata>
            <Item Key="client_id">ProxyIdentityExperienceFrameworkAppId</Item>
            <Item Key="IdTokenAudience">IdentityExperienceFrameworkAppId</Item>
          </Metadata>
          <InputClaims>
            <InputClaim ClaimTypeReferenceId="client_id" DefaultValue="ProxyIdentityExperienceFrameworkAppId" />
            <InputClaim ClaimTypeReferenceId="resource_id" PartnerClaimType="resource" DefaultValue="IdentityExperienceFrameworkAppId" />
          </InputClaims>
        </TechnicalProfile>
      </TechnicalProfiles>
    </ClaimsProvider>
    <ClaimsProvider>
      <DisplayName>One time password technical profiles</DisplayName>
      <TechnicalProfiles>
        <TechnicalProfile Id="GenerateOtp">
          <DisplayName>Generate one time password</DisplayName>
          <Protocol Name="Proprietary" Handler="Web.TPEngine.Providers.OneTimePasswordProtocolProvider, Web.TPEngine, Version=1.0.0.0, Culture=neutral, PublicKeyToken=null" />
          <Metadata>
            <Item Key="Operation">GenerateCode</Item>
            <Item Key="CodeExpirationInSeconds">1200</Item>
            <Item Key="CodeLength">6</Item>
            <Item Key="CharacterSet">0-9</Item>
            <Item Key="ReuseSameCode">true</Item>
            <Item Key="MaxNumAttempts">5</Item>
          </Metadata>
          <InputClaims>
            <InputClaim ClaimTypeReferenceId="email" PartnerClaimType="identifier" />
          </InputClaims>
          <OutputClaims>
            <OutputClaim ClaimTypeReferenceId="otp" PartnerClaimType="otpGenerated" />
          </OutputClaims>
        </TechnicalProfile>
        <TechnicalProfile Id="VerifyOtp">
          <DisplayName>Verify one time password</DisplayName>
          <Protocol Name="Proprietary" Handler="Web.TPEngine.Providers.OneTimePasswordProtocolProvider, Web.TPEngine, Version=1.0.0.0, Culture=neutral, PublicKeyToken=null" />
          <Metadata>
            <Item Key="Operation">VerifyCode</Item>
          </Metadata>
          <InputClaims>
            <InputClaim ClaimTypeReferenceId="email" PartnerClaimType="identifier" />
            <InputClaim ClaimTypeReferenceId="verificationCode" PartnerClaimType="otpToVerify" />
          </InputClaims>
        </TechnicalProfile>
       </TechnicalProfiles>
    </ClaimsProvider>  
    <ClaimsProvider>
      <DisplayName>Local Account</DisplayName>
      <TechnicalProfiles>
        <TechnicalProfile Id="LocalAccountSignUpWithLogonEmail">
          <Metadata>
            <!--OTP validation error messages-->
            <Item Key="UserMessageIfSessionDoesNotExist">You have exceeded the maximum time allowed.</Item>
            <Item Key="UserMessageIfMaxRetryAttempted">You have exceeded the number of retries allowed.</Item>
            <Item Key="UserMessageIfInvalidCode">You have entered the wrong code.</Item>
            <Item Key="UserMessageIfSessionConflict">Cannot verify the code, please try again later.</Item>
          </Metadata>
          <DisplayClaims>
            <DisplayClaim DisplayControlReferenceId="emailVerificationControl" />
            <DisplayClaim ClaimTypeReferenceId="displayName" Required="true" />
            <DisplayClaim ClaimTypeReferenceId="givenName" Required="true" />
            <DisplayClaim ClaimTypeReferenceId="surName" Required="true" />
            <DisplayClaim ClaimTypeReferenceId="newPassword" Required="true" />
            <DisplayClaim ClaimTypeReferenceId="reenterPassword" Required="true" />
          </DisplayClaims>
        </TechnicalProfile>
        <TechnicalProfile Id="LocalAccountDiscoveryUsingEmailAddress">
          <Metadata>
            <!--OTP validation error messages-->
            <Item Key="UserMessageIfSessionDoesNotExist">You have exceeded the maximum time allowed.</Item>
            <Item Key="UserMessageIfMaxRetryAttempted">You have exceeded the number of retries allowed.</Item>
            <Item Key="UserMessageIfInvalidCode">You have entered the wrong code.</Item>
            <Item Key="UserMessageIfSessionConflict">Cannot verify the code, please try again later.</Item>
          </Metadata>
          <DisplayClaims>
            <DisplayClaim DisplayControlReferenceId="emailVerificationControl" />
          </DisplayClaims>
        </TechnicalProfile>
        <TechnicalProfile Id="LocalAccountPwdChange">
          <DisplayName>Pwd change</DisplayName>
          <Protocol Name="Proprietary" Handler="Web.TPEngine.Providers.SelfAssertedAttributeProvider, Web.TPEngine, Version=1.0.0.0, Culture=neutral, PublicKeyToken=null" />
          <Metadata>
            <Item Key="IpAddressClaimReferenceId">IpAddress</Item>
            <Item Key="ContentDefinitionReferenceId">api.selfasserted</Item>
            <Item Key="language.button_continue">Continue</Item>
            <!--OTP validation error messages-->
            <Item Key="UserMessageIfSessionDoesNotExist">You have exceeded the maximum time allowed.</Item>
            <Item Key="UserMessageIfMaxRetryAttempted">You have exceeded the number of retries allowed.</Item>
            <Item Key="UserMessageIfInvalidCode">You have entered the wrong code.</Item>
            <Item Key="UserMessageIfSessionConflict">Cannot verify the code, please try again later.</Item>            
          </Metadata>
          <CryptographicKeys>
            <Key Id="issuer_secret" StorageReferenceId="B2C_1A_TokenSigningKeyContainer" />
          </CryptographicKeys>
          <DisplayClaims>
            <DisplayClaim DisplayControlReferenceId="emailVerificationControl" />
            <DisplayClaim ClaimTypeReferenceId="newPassword" Required="true" />
            <DisplayClaim ClaimTypeReferenceId="reenterPassword" Required="true" />
          </DisplayClaims>
          <OutputClaims>
            <OutputClaim ClaimTypeReferenceId="objectId" />
            <OutputClaim ClaimTypeReferenceId="email" />
            <OutputClaim ClaimTypeReferenceId="newPassword" Required="true" />
            <OutputClaim ClaimTypeReferenceId="reenterPassword" Required="true" />
          </OutputClaims>
          <ValidationTechnicalProfiles>
            <ValidationTechnicalProfile ReferenceId="AAD-UserReadUsingEmailAddress" />
            <ValidationTechnicalProfile ReferenceId="AAD-UserWritePasswordUsingObjectId" />            
          </ValidationTechnicalProfiles>
        </TechnicalProfile>        
      </TechnicalProfiles>
    </ClaimsProvider>    
    <ClaimsProvider>
      <DisplayName>RestfulProvider</DisplayName>
      <TechnicalProfiles>
        <TechnicalProfile Id="SendOtp">
          <DisplayName>Use O365 (custom API) email API to send the code the the user</DisplayName>
          <Protocol Name="Proprietary" Handler="Web.TPEngine.Providers.RestfulProvider, Web.TPEngine, Version=1.0.0.0, Culture=neutral, PublicKeyToken=null" />
          <Metadata>
            <Item Key="ServiceUrl">{SendOTP}</Item>
            <Item Key="AuthenticationType">Basic</Item>
            <Item Key="AllowInsecureAuthInProduction">true</Item>            
            <Item Key="SendClaimsIn">Body</Item>
          </Metadata>
          <CryptographicKeys>
            <Key Id="BasicAuthenticationUsername" StorageReferenceId="B2C_1A_RESTUserId" />
            <Key Id="BasicAuthenticationPassword" StorageReferenceId="B2C_1A_RESTSecret" />
          </CryptographicKeys>          
          <InputClaims>
            <InputClaim ClaimTypeReferenceId="email" />
            <InputClaim ClaimTypeReferenceId="otp" />
          </InputClaims>
        </TechnicalProfile>
      </TechnicalProfiles>
    </ClaimsProvider>      
  </ClaimsProviders>
  <UserJourneys>
    <UserJourney Id="SignUpOrSignIn">
      <OrchestrationSteps>
        <OrchestrationStep Order="1" Type="CombinedSignInAndSignUp" ContentDefinitionReferenceId="api.signuporsignin">
          <ClaimsProviderSelections>
            <ClaimsProviderSelection ValidationClaimsExchangeId="LocalAccountSigninEmailExchange" />
          </ClaimsProviderSelections>
          <ClaimsExchanges>
            <ClaimsExchange Id="LocalAccountSigninEmailExchange" TechnicalProfileReferenceId="SelfAsserted-LocalAccountSignin-Email" />
          </ClaimsExchanges>
        </OrchestrationStep>

        <OrchestrationStep Order="2" Type="ClaimsExchange">
          <Preconditions>
            <Precondition Type="ClaimsExist" ExecuteActionsIf="true">
              <Value>objectId</Value>
              <Action>SkipThisOrchestrationStep</Action>
            </Precondition>
          </Preconditions>
          <ClaimsExchanges>
            <ClaimsExchange Id="SignUpWithLogonEmailExchange" TechnicalProfileReferenceId="LocalAccountSignUpWithLogonEmail" />
          </ClaimsExchanges>
        </OrchestrationStep>

        <!-- This step reads any user attributes that we may not have received when in the token. -->
        <OrchestrationStep Order="3" Type="ClaimsExchange">
          <ClaimsExchanges>
            <ClaimsExchange Id="AADUserReadWithObjectId" TechnicalProfileReferenceId="AAD-UserReadUsingObjectId" />
          </ClaimsExchanges>
        </OrchestrationStep>
 
        <OrchestrationStep Order="4" Type="SendClaims" CpimIssuerTechnicalProfileReferenceId="JwtIssuer" />
    
      </OrchestrationSteps>
      <ClientDefinition ReferenceId="DefaultWeb" />
    </UserJourney>    
    <UserJourney Id="ForgotPwd">
      <OrchestrationSteps>
        <OrchestrationStep Order="1" Type="ClaimsExchange">
          <ClaimsExchanges>
            <ClaimsExchange Id="UserDiscoveryByEmail" TechnicalProfileReferenceId="LocalAccountPwdChange" />
          </ClaimsExchanges>
        </OrchestrationStep>
        <OrchestrationStep Order="2" Type="SendClaims" CpimIssuerTechnicalProfileReferenceId="JwtIssuer" />
      </OrchestrationSteps>
      <ClientDefinition ReferenceId="DefaultWeb" />
    </UserJourney>      
	
	</UserJourneys>

</TrustFrameworkPolicy>
